region,area,morpho_type,threshold,minsize,variance,spatial_autocorrelation,optimization_criteria
58,1.01261887416,0,0.011,15,1346.73488896,0.501063102006,0.57671685663
109,1.66588135622,11,0.014,15,3106.00607715,0.172743153942,0.601228972519
137,2.24418540519,12,0.013,15,2830.02892787,0.180006979972,0.597205633524
97,0.305530697037,13,0.012,15,2392.70849846,0.270254698659,0.677733716179
124,0.336077002627,14,0.011,15,1439.3786114,0.317956336113,0.597143086891
22,0.905582427651,21,0.015,15,2971.94037048,0.21377744387,0.654241702546
184,0.848495335961,22,0.014,15,2759.77238463,0.338020038174,0.53610289364
161,1.56638246139,23,0.014,15,2649.85745448,0.340256550629,0.572772784948
83,0.286224632751,24,0.011,15,1369.85491689,0.374540889204,0.626040977351
216,0.037959819201,31,0.012,15,3358.16484637,0.278795071338,0.56430251359
249,1.06615029512,32,0.013,15,2533.94516745,0.484454447332,0.604643705
57,0.987422960649,34,0.011,15,1440.02972345,0.512422358629,0.54942600757
